stage,type,fit_prior,accuracy(%),score_standard_deviation(%),tempo(s)
stage3,ComplementNB,False,77.92887029288703,2.472251069308348,0.25703883171081543
stage3,ComplementNB,True,77.92887029288703,2.472251069308348,0.2173750400543213
