stage,type,fit_prior,accuracy(%),score_standard_deviation(%),tempo(s)
stage5,ComplementNB,False,75.32722847412452,1.4333723590446552,0.3230912685394287
stage5,ComplementNB,True,75.32722847412452,1.4333723590446552,0.25488948822021484
