stage,type,fit_prior,accuracy(%),score_standard_deviation(%),tempo(s)
awake,ComplementNB,False,74.2298385742827,0.44163161994219,4.401684522628784
awake,ComplementNB,True,74.2298385742827,0.44163161994219,1.2540678977966309
