stage,type,fit_prior,accuracy(%),score_standard_deviation(%),tempo(s)
awake,ComplementNB,False,74.37583352812817,0.25720159794452274,0.9979219436645508
awake,ComplementNB,True,74.37583352812817,0.25720159794452274,0.6804170608520508
