stage,type,fit_prior,accuracy(%),score_standard_deviation(%),tempo(s)
stage2,ComplementNB,False,81.59500026013214,1.1523400807419069,0.6753387451171875
stage2,ComplementNB,True,81.59500026013214,1.1523400807419069,0.5944116115570068
