stage,type,fit_prior,accuracy(%),score_standard_deviation(%),tempo(s)
stage3,ComplementNB,False,83.87773936018912,1.5987657529213457,0.3388936519622803
stage3,ComplementNB,True,83.87773936018912,1.5987657529213457,0.2823474407196045
