stage,type,fit_prior,accuracy(%),score_standard_deviation(%),tempo(s)
stage2,ComplementNB,False,72.78854523391513,0.535185306216437,0.6461284160614014
stage2,ComplementNB,True,72.78854523391513,0.535185306216437,0.6420290470123291
