stage,type,fit_prior,accuracy(%),score_standard_deviation(%),tempo(s)
stage4,ComplementNB,False,87.54714912280703,4.355969387847437,0.16597771644592285
stage4,ComplementNB,True,87.54714912280703,4.355969387847437,0.14660382270812988
