stage,type,fit_prior,accuracy(%),score_standard_deviation(%),tempo(s)
stage1,ComplementNB,False,75.03717472118959,1.5822915479792323,0.2537648677825928
stage1,ComplementNB,True,75.03717472118959,1.5822915479792323,0.24881601333618164
