stage,type,fit_prior,accuracy(%),score_standard_deviation(%),tempo(s)
stage5,ComplementNB,False,80.74956391636832,0.6523836016139692,0.4781804084777832
stage5,ComplementNB,True,80.74956391636832,0.6523836016139692,0.3954966068267822
