stage,alpha,solver,accuracy(%),score_standard_deviation(%),tempo(s)
awake,0.2,auto,94.79674666814756,0.31382178644660513,14.172302961349487
awake,0.1,auto,94.78690468656976,0.3088927022566698,25.406678438186646
