stage,alpha,solver,accuracy(%),score_standard_deviation(%),tempo(s)
stage4,0.1,auto,90.5877192982456,3.727087073679135,0.4738762378692627
stage4,0.2,auto,90.48355263157892,3.796721647645292,0.5382752418518066
