stage,alpha,solver,accuracy(%),score_standard_deviation(%),tempo(s)
stage4,0.2,auto,90.58442982456138,2.9230080861237946,0.5496025085449219
stage4,0.1,auto,90.47916666666666,3.358343565040124,0.45327305793762207
