stage,alpha,solver,accuracy(%),score_standard_deviation(%),tempo(s)
stage1,0.1,auto,79.70672121728175,2.100776019385994,1.353545904159546
stage1,0.2,auto,79.57643662644597,2.01289562329807,1.2380938529968262
