stage,alpha,solver,accuracy(%),score_standard_deviation(%),tempo(s)
stage5,0.2,auto,82.57984748648848,0.9375250038964228,1.2147598266601562
stage5,0.1,auto,82.57981972310654,0.9039464339514424,1.6653633117675781
