stage,alpha,solver,accuracy(%),score_standard_deviation(%),tempo(s)
awake,0.1,auto,94.9443796204579,0.26500409233741806,14.584831953048706
awake,0.2,auto,94.92961745525209,0.26167970813638775,11.27794599533081
