stage,alpha,solver,accuracy(%),score_standard_deviation(%),tempo(s)
stage3,0.1,auto,92.13389121338913,1.5855477256482366,1.1221754550933838
stage3,0.2,auto,92.11297071129707,1.5628889285037466,1.1270432472229004
