stage,alpha,solver,accuracy(%),score_standard_deviation(%),tempo(s)
stage5,0.1,auto,82.78191863478195,0.9568855511278344,2.6526918411254883
stage5,0.2,auto,82.78190938032131,0.9771202824077106,1.7003474235534668
