stage,alpha,solver,accuracy(%),score_standard_deviation(%),tempo(s)
stage2,0.1,auto,90.04158098846467,0.4496259175088713,7.338725805282593
stage2,0.2,auto,90.0390442070615,0.4508941222551899,6.712278842926025
