stage,alpha,solver,accuracy(%),score_standard_deviation(%),tempo(s)
stage2,0.2,auto,90.01876986979482,0.4006737067308249,7.361409425735474
stage2,0.1,auto,90.01369887653154,0.42365771446293843,7.195340394973755
