stage,alpha,solver,accuracy(%),score_standard_deviation(%),tempo(s)
stage1,0.2,auto,79.76137567236403,1.146217151528952,0.9469583034515381
stage1,0.1,auto,79.70564820391408,1.0688827815696125,1.1581249237060547
