stage,alpha,solver,accuracy(%),score_standard_deviation(%),tempo(s)
stage3,0.2,auto,91.90376569037657,1.2897960369705723,0.7415423393249512
stage3,0.1,auto,91.86192468619247,1.2250557298709064,1.044325828552246
